id,x,y
1,-1466.560924661559,2592.950599386592
2,-1462.338981610783,2599.480067270401
3,-1457.758600337146,2605.762282197686
4,-1452.790618135037,2611.742364961922
5,-1447.424684717885,2617.369038489151
6,-1441.61582152429,2622.536851270544
7,-1435.436954738125,2627.254422202114
8,-1428.930090678661,2631.507672155676
9,-1422.13767860312,2635.289607684008
10,-1415.098902342856,2638.593532189419
11,-1407.848793752874,2641.40452016412
12,-1400.440965462206,2643.767845509358
13,-1392.913988557906,2645.717529113106
14,-1385.296251123272,2647.275269207069
15,-1377.611493825876,2648.460018205943
16,-1369.879664741838,2649.286190794895
17,-1362.11860134244,2649.77331461864
18,-1354.342574706473,2649.895955425469
19,-1346.565275779939,2649.895955425469
20,-1338.787976853405,2649.895955425469
21,-1331.010677926871,2649.895955425469
22,-1323.233379000338,2649.895955425469
23,-1315.456080073804,2649.895955425469
24,-1307.67878114727,2649.895955425469
25,-1299.901482220736,2649.895955425469
26,-1292.124183294203,2649.895955425469
27,-1284.346884367669,2649.895955425469
28,-1276.569585441135,2649.895955425469
29,-1268.792286514601,2649.895955425469
30,-1261.014987588068,2649.895955425469
31,-1253.237688661534,2649.895955425469
32,-1245.460389735,2649.895955425469
33,-1237.683090808466,2649.895955425469
34,-1232.37680789557,2649.893773386999
35,-1236.086788399365,2649.895955425469
36,-1236.086788399365,2649.895955425469
37,-1236.086788399365,2649.895955425469
38,-1236.086788399365,2649.895955425469
39,-1236.086788399365,2649.895955425469
40,-1236.086788399365,2649.895955425469
41,-1236.086788399365,2649.895955425469
42,-1236.086788399365,2649.895955425469
43,-1236.086788399365,2649.895955425469
44,-1236.086788399365,2649.895955425469
45,-1235.973239952846,2649.89588864154
46,-1235.493374262524,2649.895606406796
47,-1235.013508572202,2649.895324172052
48,-1234.533642881879,2649.895041937308
49,-1234.053777191557,2649.894759702564
50,-1233.573911501235,2649.894477467821
51,-1233.094045810912,2649.894195233077
52,-1232.61418012059,2649.893912998333
53,-1232.134314430268,2649.893630763589
54,-1231.654448739946,2649.893348528845
55,-1231.174583049623,2649.893066294102
56,-1229.649345520916,2649.884157342157
57,-1231.529109644678,2649.893274810203
58,-1232.008975335,2649.893557044946
59,-1232.488841025322,2649.89383927969
60,-1232.968706715645,2649.894121514434
61,-1233.448572405967,2649.894403749178
62,-1233.92843809629,2649.894685983921
63,-1234.408303786612,2649.894968218665
64,-1234.888169476934,2649.895250453409
65,-1235.368035167256,2649.895532688153
66,-1235.847900857578,2649.895814922897
67,-1235.635305827099,2649.894553242487
68,-1234.736257521163,2649.891761041163
69,-1233.837209215226,2649.888968839841
70,-1232.93816090929,2649.886176638517
71,-1232.039112603354,2649.883384437194
72,-1231.140064297417,2649.880592235871
73,-1230.241015991481,2649.877800034548
74,-1229.341967685545,2649.875007833225
75,-1228.442919379608,2649.872215631902
76,-1227.543871073672,2649.869423430579
77,-1225.638028705986,2649.845015462643
78,-1217.869235052598,2649.520645124284
79,-1210.17604709063,2648.431509923612
80,-1202.830617469243,2645.92757258406
81,-1196.276219247378,2641.784383949356
82,-1190.74615235267,2636.334980746213
83,-1186.105503935119,2630.100578627811
84,-1182.130100571541,2623.418851148788
85,-1178.468787930737,2616.559256072056
86,-1175.0045529991,2609.596508053322
87,-1171.60200866272,2602.603006650455
88,-1168.153948303512,2595.632190640263
89,-1164.564229013105,2588.733865338654
90,-1160.735311129357,2581.965195394679
91,-1156.528561038225,2575.423816926541
92,-1151.837433658573,2569.22497615413
93,-1146.54500085676,2563.535045730079
94,-1140.572994618633,2558.56991154385
95,-1133.901963696702,2554.593269242228
96,-1126.653957152907,2551.813848707637
97,-1119.035067821876,2550.315505887224
98,-1111.272977857396,2549.938584667413
99,-1103.495678930862,2549.938584667413
100,-1095.718380004329,2549.938584667413
101,-1087.941081077795,2549.938584667413
102,-1080.163782151261,2549.938584667413
103,-1072.386483224728,2549.938584667413
104,-1064.609184298194,2549.938584667413
105,-1056.83188537166,2549.938584667413
106,-1049.054586445127,2549.938584667413
107,-1041.277287518593,2549.938584667413
108,-1033.499988592059,2549.938584667413
109,-1025.722689665525,2549.938584667413
110,-1017.945390738992,2549.938584667413
111,-1010.168091812458,2549.938584667413
112,-1002.390792885924,2549.938584667413
113,-994.6134939593907,2549.938584667413
114,-986.836195032857,2549.938584667413
115,-979.0588961063232,2549.938584667413
116,-971.2815971797894,2549.938584667413
117,-963.5042982532558,2549.938584667413
118,-955.7269993267221,2549.938584667413
119,-947.9542998651258,2550.133211701299
120,-940.2372047024268,2551.038141990354
121,-932.7477006567674,2553.102739230607
122,-925.5935120833656,2556.127210669725
123,-918.9080509845757,2560.082735750884
124,-912.8052033174483,2564.893392055449
125,-907.231997261986,2570.310000158548
126,-902.2582741014014,2576.282443235306
127,-897.8460694369188,2582.682349681421
128,-893.9649783134734,2589.418231491539
129,-890.7276751882008,2596.48639653418
130,-888.0525542141269,2603.785363864788
131,-886.0406118546492,2611.293592686378
132,-884.705718112916,2618.952123954957
133,-884.0816223273476,2626.699794741741
134,-883.9901354147459,2634.47580179902
135,-883.9901354147459,2642.253100725554
136,-883.9901354147459,2650.030399652088
137,-883.9901354147459,2657.807698578622
138,-883.9901354147459,2665.584997505156
139,-883.9901354147459,2673.362296431689
140,-883.9901354147459,2681.139595358223
141,-883.9901354147459,2688.916894284757
142,-883.9901354147459,2696.694193211291
143,-883.9901354147459,2704.471492137825
144,-883.9901354147459,2712.248791064359
145,-883.9901354147459,2720.026089990893
146,-883.9901354147459,2727.803388917426
147,-883.9901354147459,2735.580687843961
148,-883.9901354147459,2743.357986770494
149,-883.9901354147459,2751.135285697028
150,-883.9901354147459,2758.912584623562
151,-883.9901354147459,2766.689883550095
152,-883.9901354147459,2774.467182476629
153,-883.9901354147459,2782.244481403163
154,-883.9901354147459,2790.021780329697
155,-883.9901354147459,2797.799079256231
156,-883.9901354147459,2805.576378182765
157,-883.9901354147459,2813.353677109298
158,-883.9901354147459,2821.130976035832
159,-883.9901354147459,2828.908274962366
160,-883.9901354147459,2836.6855738889
161,-883.9901354147459,2844.462872815434
162,-883.9901354147459,2852.240171741968
163,-883.9901354147459,2860.017470668502
164,-883.9901354147459,2867.794769595035
165,-883.9901354147459,2875.572068521569
166,-883.9901354147459,2883.349367448103
167,-883.9901354147459,2891.126666374637
168,-883.9901354147459,2898.903965301171
169,-883.9901354147459,2906.681264227705
170,-883.9901354147459,2914.458563154239
171,-883.9901354147459,2922.235862080772
172,-883.9901354147459,2930.013161007306
173,-883.9901354147459,2937.79045993384
174,-883.9901354147459,2945.567758860374
175,-883.9901354147459,2953.345057786908
176,-883.9901354147459,2961.122356713442
177,-883.9901354147459,2968.899655639976
178,-883.9901354147459,2976.676954566509
179,-883.9901354147459,2984.454253493043
180,-883.9901354147459,2992.231552419577
181,-883.9901354147459,3000.008851346111
182,-883.9901354147459,3007.786150272644
183,-883.9901354147459,3015.563449199178
184,-883.9901354147459,3023.340748125712
185,-883.9901354147459,3031.118047052246
186,-883.9901354147459,3038.89534597878
187,-883.9901354147459,3046.672644905313
188,-883.9901354147459,3054.449943831847
189,-883.9901354147459,3062.227242758381
190,-883.9901354147459,3070.004541684915
191,-883.9901354147459,3077.781840611449
192,-883.9901354147459,3085.559139537983
193,-883.9901354147459,3093.336438464517
194,-883.9901354147459,3101.11373739105
195,-883.9901354147459,3108.891036317584
196,-883.9901354147459,3116.668335244118
197,-883.9901354147459,3124.445634170652
198,-883.9901354147459,3132.222933097186
199,-883.9901354147459,3140.000232023719
200,-883.9901354147459,3147.777530950254
201,-883.9901354147459,3155.554829876787
202,-883.9901354147459,3163.332128803321
203,-883.9901354147459,3171.109427729855
204,-883.9901354147459,3178.886726656389
205,-883.9901354147459,3186.664025582923
206,-883.9901354147459,3194.441324509456
207,-883.9901354147459,3202.21862343599
208,-883.9901354147459,3209.995922362524
209,-883.9901354147459,3217.773221289057
210,-883.9901354147459,3225.550520215592
211,-883.9901354147459,3233.327819142126
212,-884.0598747075231,3241.104146840448
213,-884.5327495333108,3248.863493826592
214,-885.6252204621879,3256.560401401425
215,-887.5469118214764,3264.091617807956
216,-890.2385515285084,3271.380542885697
217,-893.704472811009,3278.335214224497
218,-897.981592252248,3284.822614634424
219,-902.9567774952845,3290.792797785374
220,-908.4789756921988,3296.2613223035
221,-914.4429955686492,3301.246980061332
222,-920.5211707682602,3305.61876417973
223,-921.0098223644111,3305.928557411129
224,-921.4984739605623,3306.238350642529
225,-921.9871255567131,3306.548143873929
226,-922.4757771528638,3306.857937105328
227,-922.9644287490147,3307.167730336728
228,-923.4530803451657,3307.477523568128
229,-923.9417319413167,3307.787316799527
230,-924.4303835374674,3308.097110030927
231,-924.9190351336183,3308.406903262327
232,-925.4076867297694,3308.716696493726
233,-925.5692707922645,3308.818212075849
234,-925.6068883425651,3308.840785387364
235,-925.6445058928658,3308.863358698879
236,-925.6821234431665,3308.885932010394
237,-925.719740993467,3308.908505321909
238,-925.7573585437677,3308.931078633424
239,-925.7949760940684,3308.953651944939
240,-925.8325936443689,3308.976225256454
241,-925.8702111946695,3308.998798567968
242,-925.9078287449701,3309.021371879484
243,-928.8924625324938,3310.723839604356
244,-935.7378662137495,3314.412322479318
245,-942.7425137391626,3317.789794080907
246,-949.8642244391337,3320.913026411088
247,-957.081689862265,3323.808581325775
248,-964.3771761293194,3326.501905755812
249,-971.7378786559036,3329.011845038964
250,-979.153951345062,3331.353345609445
251,-986.6331118789611,3333.483553433442
252,-994.1292882852671,3335.555682261051
253,-1001.823187046873,3336.379918277601
254,-1009.386587783233,3338.098763634464
255,-1016.378095765187,3341.461877227381
256,-1022.615225426796,3346.09433781807
257,-1028.238105303202,3351.462797532433
258,-1033.43602804163,3357.245379725132
259,-1038.330111001363,3363.288862626006
260,-1043.035336871341,3369.481113395329
261,-1047.667274175888,3375.728617996673
262,-1052.294879495986,3381.979340916231
263,-1056.990416321355,3388.178939420597
264,-1061.720417139933,3394.352550264254
265,-1066.557646555993,3400.441557096232
266,-1071.569785087578,3406.387600880912
267,-1076.779291920257,3412.16120229886
268,-1082.218860419825,3417.718432850722
269,-1087.910573573638,3423.017004853257
270,-1093.867178025226,3428.015628872242
271,-1100.092649005206,3432.674328282117
272,-1106.560326791483,3436.988569072744
273,-1113.291130106128,3440.882547554466
274,-1120.266924407477,3444.31643215375
275,-1127.449539996739,3447.29361184378
276,-1134.811242330028,3449.794228558861
277,-1142.318070008721,3451.822547399223
278,-1149.940061448206,3453.360094955326
279,-1157.633586712423,3454.480202301264
280,-1159.718704445507,3454.736939769952
281,-1159.718704445507,3454.736939769952
282,-1159.718704445507,3454.736939769952
283,-1159.718704445507,3454.736939769952
284,-1159.718704445507,3454.736939769952
285,-1159.718704445507,3454.736939769952
286,-1159.718704445507,3454.736939769952
287,-1159.718704445507,3454.736939769952
288,-1159.718704445507,3454.736939769952
289,-1159.718704445507,3454.736939769952
290,-1156.295156443797,3454.315222512457
291,-1153.109483940747,3453.922807079522
292,-1153.109483940747,3453.922807079522
293,-1153.147781406059,3453.927524612921
294,-1155.586260722447,3454.227899781971
295,-1158.024740038835,3454.528274951022
296,-1162.028104149992,3454.958572904935
297,-1169.591986805893,3455.684478871937
298,-1177.155869461794,3456.410384838939
299,-1184.719752117695,3457.136290805941
300,-1192.283634773596,3457.862196772943
301,-1199.847517429497,3458.588102739945
302,-1207.411400085398,3459.314008706947
303,-1214.975282741299,3460.039914673949
304,-1222.5391653972,3460.765820640951
305,-1230.103048053101,3461.491726607952
306,-1237.666930709002,3462.217632574954
307,-1245.230813364903,3462.943538541956
308,-1252.794696020805,3463.669444508957
309,-1260.358578676706,3464.395350475959
310,-1267.922461332607,3465.121256442961
311,-1275.486343988508,3465.847162409963
312,-1283.050226644409,3466.573068376965
313,-1290.61410930031,3467.298974343967
314,-1298.177991956211,3468.024880310969
315,-1305.741874612112,3468.75078627797
316,-1313.305757268013,3469.476692244972
317,-1320.869639923914,3470.202598211973
318,-1328.433522579815,3470.928504178975
319,-1335.997405235716,3471.654410145977
320,-1343.561287891617,3472.380316112979
321,-1351.125170547519,3473.106222079981
322,-1358.68905320342,3473.832128046983
323,-1366.252935859321,3474.558034013984
324,-1373.816818515222,3475.283939980986
325,-1381.380701171123,3476.009845947987
326,-1388.944583827024,3476.735751914989
327,-1396.508466482925,3477.461657881991
328,-1404.072349138826,3478.187563848993
329,-1411.636231794727,3478.913469815995
330,-1419.200114450628,3479.639375782997
331,-1426.763997106529,3480.365281749999
332,-1434.32787976243,3481.091187717
333,-1441.891762418332,3481.817093684002
334,-1449.455645074233,3482.542999651004
335,-1457.019527730134,3483.268905618005
336,-1464.583410386035,3483.994811585007
337,-1472.147293041936,3484.720717552009
338,-1479.711175697837,3485.446623519011
339,-1487.275058353738,3486.172529486013
340,-1494.838941009639,3486.898435453014
341,-1502.40282366554,3487.624341420016
342,-1509.966706321441,3488.350247387018
343,-1517.530588977342,3489.07615335402
344,-1524.509672656914,3489.745936151781
345,-1516.767943625511,3489.00296226463
346,-1509.026214594108,3488.25998837748
347,-1501.284485562704,3487.517014490329
348,-1493.542756531301,3486.774040603178
349,-1485.801027499898,3486.031066716028
350,-1478.059298468495,3485.288092828876
351,-1470.317569437091,3484.545118941726
352,-1462.575840405688,3483.802145054575
353,-1454.834111374285,3483.059171167425
354,-1447.092382342881,3482.316197280274
355,-1439.350653311478,3481.573223393123
356,-1431.608924280074,3480.830249505973
357,-1423.867195248671,3480.087275618821
358,-1416.125466217268,3479.344301731671
359,-1408.383737185865,3478.601327844521
360,-1400.642008154461,3477.858353957369
361,-1392.900279123058,3477.115380070219
362,-1385.158550091655,3476.372406183068
363,-1377.416821060251,3475.629432295918
364,-1369.675092028848,3474.886458408767
365,-1361.933362997445,3474.143484521616
366,-1354.191633966041,3473.400510634466
367,-1346.449904934638,3472.657536747315
368,-1338.708175903235,3471.914562860164
369,-1330.966446871831,3471.171588973013
370,-1323.224717840428,3470.428615085863
371,-1315.482988809025,3469.685641198712
372,-1307.741259777621,3468.942667311561
373,-1299.999530746218,3468.199693424411
374,-1292.257801714815,3467.45671953726
375,-1284.516072683412,3466.713745650109
376,-1276.774343652008,3465.970771762958
377,-1269.032614620605,3465.227797875808
378,-1261.290885589202,3464.484823988657
379,-1253.549156557798,3463.741850101506
380,-1245.807427526395,3462.998876214355
381,-1238.065698494992,3462.255902327205
382,-1230.323969463589,3461.512928440054
383,-1222.582240432185,3460.769954552903
384,-1214.840511400782,3460.026980665753
385,-1207.098782369378,3459.284006778602
386,-1199.357053337975,3458.541032891452
387,-1191.615324306572,3457.7980590043
388,-1183.873595275168,3457.05508511715
389,-1176.131866243765,3456.312111229999
390,-1168.390137212362,3455.569137342848
391,-1160.648408180959,3454.826163455698
392,-1153.138322736344,3453.92670708323
393,-1153.777414193117,3454.005397470956
394,-1154.41650564989,3454.084087858683
395,-1155.055597106663,3454.162778246409
396,-1155.694688563436,3454.241468634136
397,-1156.333780020209,3454.320159021862
398,-1156.972871476983,3454.398849409589
399,-1157.611962933756,3454.477539797315
400,-1158.251054390529,3454.556230185042
401,-1158.890145847302,3454.634920572768
402,-1159.529237304075,3454.713610960495
403,-1159.269080130167,3454.681578191683
404,-1158.629988673394,3454.602887803956
405,-1157.990897216621,3454.52419741623
406,-1157.351805759847,3454.445507028502
407,-1156.712714303074,3454.366816640777
408,-1156.073622846301,3454.288126253049
409,-1155.434531389528,3454.209435865323
410,-1154.795439932755,3454.130745477597
411,-1154.156348475982,3454.05205508987
412,-1153.517257019209,3453.973364702143
413,-1153.121669532304,3453.924643641927
414,-1153.120439235747,3453.924458216674
415,-1153.119208939189,3453.92427279142
416,-1153.117978642632,3453.924087366167
417,-1153.116748346075,3453.923901940913
418,-1153.115518049518,3453.923716515659
419,-1153.11428775296,3453.923531090406
420,-1153.113057456403,3453.923345665153
421,-1153.111827159845,3453.923160239899
422,-1153.110596863288,3453.922974814645
423,-1153.845895810687,3454.013519286281
424,-1159.718704445507,3454.736939769952
425,-1159.718704445507,3454.736939769952
426,-1159.718704445507,3454.736939769952
427,-1159.718704445507,3454.736939769952
428,-1159.718704445507,3454.736939769952
429,-1159.718704445507,3454.736939769952
430,-1159.718704445507,3454.736939769952
431,-1159.718704445507,3454.736939769952
432,-1159.718704445507,3454.736939769952
433,-1159.718704445507,3454.736939769952
434,-1159.718704445507,3454.736939769952
435,-1167.095202904039,3455.444862471853
436,-1174.836931935442,3456.187836359003
437,-1182.578660966845,3456.930810246154
438,-1190.320389998249,3457.673784133305
439,-1198.062119029652,3458.416758020456
440,-1205.803848061055,3459.159731907607
441,-1213.545577092459,3459.902705794757
442,-1221.287306123862,3460.645679681908
443,-1229.029035155265,3461.388653569059
444,-1236.770764186668,3462.131627456209
445,-1244.512493218072,3462.87460134336
446,-1252.254222249475,3463.617575230511
447,-1259.995951280879,3464.360549117662
448,-1267.737680312282,3465.103523004812
449,-1275.479409343685,3465.846496891963
450,-1283.221138375089,3466.589470779114
451,-1290.962867406492,3467.332444666264
452,-1298.704596437895,3468.075418553415
453,-1306.446325469299,3468.818392440566
454,-1314.188054500702,3469.561366327717
455,-1321.929783532105,3470.304340214867
456,-1329.671512563508,3471.047314102018
457,-1337.413241594912,3471.790287989169
458,-1345.154970626315,3472.533261876319
459,-1352.896699657718,3473.27623576347
460,-1360.638428689122,3474.019209650621
461,-1368.380157720525,3474.762183537772
462,-1376.121886751928,3475.505157424922
463,-1383.863615783331,3476.248131312072
464,-1391.605344814735,3476.991105199224
465,-1399.347073846138,3477.734079086374
466,-1407.088802877541,3478.477052973525
467,-1414.830531908945,3479.220026860676
468,-1422.572260940348,3479.963000747826
469,-1430.313989971751,3480.705974634977
470,-1438.055719003155,3481.448948522127
471,-1445.797448034558,3482.191922409279
472,-1453.539177065962,3482.934896296429
473,-1461.280906097365,3483.67787018358
474,-1469.022635128768,3484.420844070731
475,-1476.764364160171,3485.163817957881
476,-1484.506093191575,3485.906791845032
477,-1492.247822222978,3486.649765732182
478,-1499.989551254381,3487.392739619333
479,-1507.731280285785,3488.135713506484
480,-1515.473009317188,3488.878687393635
481,-1523.214738348591,3489.621661280786
482,-1530.974932285246,3490.083783371382
483,-1538.743275146125,3489.809259108128
484,-1546.438571694872,3488.724896920886
485,-1553.980862199201,3486.847943834133
486,-1561.295488146624,3484.21414702864
487,-1568.336285041981,3480.917448650524
488,-1575.077160969635,3477.041475199961
489,-1580.768007448021,3473.26032599858
490,-1580.922020565223,3473.15040136989
491,-1581.076033682426,3473.040476741199
492,-1581.230046799628,3472.930552112509
493,-1581.384059916831,3472.82062748382
494,-1581.538073034034,3472.710702855129
495,-1581.692086151236,3472.600778226438
496,-1581.846099268438,3472.490853597748
497,-1582.000112385641,3472.380928969058
498,-1582.154125502843,3472.271004340367
499,-1582.308138620046,3472.161079711677
500,-1582.44727100438,3472.060146402129
501,-1582.583463560529,3471.960989411913
502,-1582.719656116679,3471.861832421695
503,-1582.855848672828,3471.762675431477
504,-1582.992041228977,3471.66351844126
505,-1583.128233785126,3471.564361451043
506,-1583.264426341275,3471.465204460826
507,-1583.400618897424,3471.366047470609
508,-1583.536811453573,3471.266890480392
509,-1583.673004009722,3471.167733490174
510,-1587.119261088574,3468.554733997001
511,-1593.191923365819,3463.696057873646
512,-1599.370997456102,3458.978063698399
513,-1606.456863663503,3456.601106029717
514,-1614.234162590037,3456.601106029717
515,-1622.01146151657,3456.601106029717
516,-1629.788760443104,3456.601106029717
517,-1637.566059369637,3456.601106029717
518,-1645.343358296171,3456.601106029717
519,-1653.120657222705,3456.601106029717
520,-1660.897956149238,3456.601106029717
521,-1668.675255075772,3456.601106029717
522,-1676.452554002305,3456.601106029717
523,-1684.229852928839,3456.601106029717
524,-1692.007151855372,3456.601106029717
525,-1699.784450781906,3456.601106029717
526,-1707.56174970844,3456.601106029717
527,-1715.339048634974,3456.601106029717
528,-1723.116347561508,3456.601106029717
529,-1730.893646488042,3456.601106029717
530,-1738.670945414576,3456.601106029717
531,-1746.44824434111,3456.601106029717
532,-1754.225543267644,3456.601106029717
533,-1762.002842194178,3456.601106029717
534,-1769.780141120712,3456.601106029717
535,-1777.557440047246,3456.601106029717
536,-1785.33473897378,3456.601106029717
537,-1793.112037900314,3456.601106029717
538,-1800.889336826848,3456.601106029717
539,-1808.666635753382,3456.601106029717
540,-1816.443934679917,3456.601106029717
541,-1824.221233606451,3456.601106029717
542,-1831.998532532985,3456.601106029717
543,-1839.775831459519,3456.601106029717
544,-1847.553130386053,3456.601106029717
545,-1855.330429312587,3456.601106029717
546,-1863.107728239121,3456.601106029717
547,-1870.885027165655,3456.601106029717
548,-1878.662326092189,3456.601106029717
549,-1886.439625018723,3456.601106029717
550,-1894.216923945257,3456.601106029717
551,-1901.994222871791,3456.601106029717
552,-1909.771521798325,3456.601106029717
553,-1917.547572199647,3456.49214035202
554,-1925.321786099467,3456.28745360921
555,-1933.075585721329,3455.692163036793
556,-1940.795696050972,3454.75796286785
557,-1948.460455840669,3453.450431862251
558,-1956.041989482212,3451.732030489323
559,-1963.501156984913,3449.541518431831
560,-1970.712407927475,3446.638115923912
561,-1977.609235337945,3443.05197572811
562,-1984.088463562828,3438.759431356551
563,-1990.046773174164,3433.771000086635
564,-1995.381786420395,3428.12125508018
565,-1999.967704826628,3421.848088996456
566,-2003.726142877145,3415.044464187963
567,-2006.669863237718,3407.850312910327
568,-2008.749981961461,3400.360540986476
569,-2009.880587107247,3393.876788525199
570,-2009.74728273232,3394.898256882718
571,-2009.747267898299,3394.898249465708
572,-2009.747253064279,3394.898242048697
573,-2009.747238230259,3394.898234631687
574,-2009.747223396238,3394.898227214677
575,-2009.776851982207,3394.671223851552
576,-2009.81776006201,3394.357847209783
577,-2009.858668141813,3394.044470568015
578,-2009.899576221616,3393.731093926247
579,-2009.94048430142,3393.417717284479
580,-2009.957790596632,3393.2851422846
581,-2009.957790596632,3393.2851422846
582,-2009.957790596632,3393.2851422846
583,-2009.957790596632,3393.2851422846
584,-2009.957790596632,3393.2851422846
585,-2009.957790596632,3393.2851422846
586,-2009.957790596632,3393.2851422846
587,-2009.957790596632,3393.2851422846
588,-2009.957790596632,3393.2851422846
589,-2009.957790596632,3393.2851422846
590,-2009.945902741737,3393.376209283164
591,-2009.904994661934,3393.689585924932
592,-2009.864086582131,3394.0029625667
593,-2009.823178502327,3394.316339208469
594,-2009.782270422524,3394.629715850237
595,-2009.747219307569,3394.898225170343
596,-2009.747219307569,3394.898225170343
597,-2009.747219307569,3394.898225170343
598,-2009.747219307569,3394.898225170343
599,-2009.747219307569,3394.898225170343
600,-2011.348186890124,3384.951508460338
601,-2011.267032966311,3385.573188681778
602,-2011.210221652178,3386.008464172688
603,-2011.21025108008,3386.008478886639
604,-2011.210280507982,3386.00849360059
605,-2011.031827115193,3387.053065139948
606,-2010.779503979706,3388.52995360274
607,-2010.578852722539,3389.704398134678
608,-2010.831175858026,3388.227509671885
609,-2011.083498993514,3386.750621209093
610,-2010.382444831338,3390.758700274815
611,-2010.453138526815,3390.38441790249
612,-2010.523832222292,3390.010135530163
613,-2011.237334939223,3385.800690633486
614,-2011.318488863036,3385.179010412047
615,-2011.399642786849,3384.557330190606
616,-2012.780157447309,3373.067266530942
617,-2014.618412946485,3357.748471703577
618,-2016.45666844566,3342.429676876212
619,-2018.294923944836,3327.110882048848
620,-2020.133179444011,3311.792087221482
621,-2021.971434943186,3296.473292394118
622,-2023.809690442361,3281.154497566754
623,-2025.647945941537,3265.835702739389
624,-2027.486201440712,3250.516907912024
625,-2029.324456939887,3235.19811308466
626,-2031.162712439062,3219.879318257296
627,-2033.000967938238,3204.560523429931
628,-2034.831423083757,3189.240955166185
629,-2035.811710131788,3173.845100840744
630,-2035.986603696166,3158.419355192962
631,-2035.300740018807,3143.0085485877
632,-2033.620912132823,3127.675747569505
633,-2031.791701292466,3117.226295376238
634,-2031.680749866672,3116.708808809057
635,-2031.569798440879,3116.191322241876
636,-2031.458847015086,3115.673835674696
637,-2031.347895589293,3115.156349107515
638,-2031.233955176143,3114.634973122003
639,-2031.100897064327,3114.088720240481
640,-2030.967838952511,3113.542467358959
641,-2030.834780840696,3112.996214477437
642,-2030.701722728881,3112.449961595916
643,-2030.568664617065,3111.903708714393
644,-2026.225480318613,3097.935898339171
645,-2019.766153917302,3083.938799997395
646,-2018.50487549811,3081.651405833545
647,-2018.873441636019,3082.316071697912
648,-2019.242007773927,3082.98073756228
649,-2019.610573911835,3083.645403426646
650,-2019.979140049743,3084.310069291014
651,-2020.347706187652,3084.97473515538
652,-2021.17847037903,3086.604474621175
653,-2023.075502788282,3090.460591505449
654,-2023.165245176933,3090.643011762703
655,-2018.492321174246,3081.661907601545
656,-2017.868890168301,3080.542136759516
657,-2017.930663304396,3080.64677913373
658,-2017.99243644049,3080.751421507945
659,-2018.054209576584,3080.856063882159
660,-2018.115982712679,3080.960706256374
661,-2018.177755848773,3081.065348630589
662,-2018.370879110895,3081.409759042453
663,-2018.739445248803,3082.07442490682
664,-2019.108011386711,3082.739090771187
665,-2019.476577524619,3083.403756635554
666,-2019.845143662527,3084.068422499921
667,-2020.213709800435,3084.733088364288
668,-2020.582275938344,3085.397754228655
669,-2020.633298911728,3085.49286449244
670,-2020.663632920228,3085.550866365502
671,-2020.693966928727,3085.608868238564
672,-2020.724300937227,3085.666870111626
673,-2020.754634945726,3085.724871984688
674,-2020.784968954226,3085.78287385775
675,-2021.00945596115,3086.239292354826
676,-2021.464312354866,3087.168446241552
677,-2021.919168748583,3088.097600128277
678,-2022.374025142299,3089.026754015002
679,-2022.828881536015,3089.955907901727
680,-2022.671057131156,3089.638470744829
681,-2020.774024721903,3085.782353860555
682,-2020.63244876214,3085.491238915375
683,-2020.66278277064,3085.549240788437
684,-2020.693116779139,3085.607242661499
685,-2020.723450787639,3085.665244534562
686,-2020.753784796138,3085.723246407624
687,-2020.784118804638,3085.781248280686
688,-2017.546081508713,3080.047118158406
689,-2008.686755828149,3067.433172708503
690,-1998.100153753399,3056.227341645253
691,-1985.973090674538,3046.707357107929
692,-1972.786257564028,3038.710141341225
693,-1959.495546364798,3030.878606770643
694,-1946.70524282042,3022.256896150207
695,-1934.460840367703,3012.875944839681
696,-1924.795106446561,3004.619920313808
697,-1930.25058758416,3009.413344099128
698,-1930.25058758416,3009.413344099128
699,-1930.25058758416,3009.413344099128
700,-1930.25058758416,3009.413344099128
701,-1930.25058758416,3009.413344099128
702,-1930.25058758416,3009.413344099128
703,-1930.202930954072,3009.371470904367
704,-1929.207556489577,3008.496891465255
705,-1928.212182025082,3007.622312026142
706,-1927.216807560588,3006.74773258703
707,-1926.221433096093,3005.873153147917
708,-1925.226058631598,3004.998573708805
709,-1924.230684167104,3004.123994269693
710,-1917.670113162543,2997.999842373825
711,-1906.511936007943,2987.346289800712
712,-1895.885414221915,2976.163519951751
713,-1886.015762500063,2964.30868686177
714,-1877.079271556258,2951.737807911733
715,-1869.183239814514,2938.488808863523
716,-1862.392001450724,2924.640675005939
717,-1856.347005143127,2910.448786227531
718,-1850.408779692356,2896.21179366963
719,-1845.265740043447,2881.66872907225
720,-1840.949396405626,2866.859366061994
721,-1837.493956992484,2851.825948163977
722,-1834.936376771155,2836.614192363447
723,-1833.649073763831,2825.56285412644
724,-1833.560318126527,2824.419702339331
725,-1833.471562489223,2823.276550552222
726,-1833.382806851919,2822.133398765112
727,-1833.294051214616,2820.990246978002
728,-1833.205295577312,2819.847095190892
729,-1833.116539940009,2818.703943403782
730,-1833.675804258964,2825.907136633002
731,-1833.675804258964,2825.907136633002
732,-1833.675804258964,2825.907136633002
733,-1833.675804258964,2825.907136633002
734,-1833.675804258964,2825.907136633002
735,-1833.675804258964,2825.907136633002
736,-1833.675804258964,2825.907136633002
737,-1833.779959766521,2826.867622145912
738,-1833.904349468454,2828.014700293433
739,-1834.028739170388,2829.161778440956
740,-1834.153128872322,2830.308856588477
741,-1834.277518574255,2831.455934735999
742,-1834.401908276189,2832.603012883522
743,-1833.922574928267,2828.182769083328
744,-1833.675804258964,2825.907136633002
745,-1833.675804258964,2825.907136633002
746,-1833.675804258964,2825.907136633002
747,-1833.675804258964,2825.907136633002
748,-1833.675804258964,2825.907136633002
749,-1833.675804258964,2825.907136633002
750,-1833.642945800283,2825.48392739353
751,-1833.55419016298,2824.340775606419
752,-1833.465434525676,2823.19762381931
753,-1833.376678888373,2822.0544720322
754,-1833.287923251069,2820.911320245091
755,-1833.199167613766,2819.768168457981
756,-1833.110411976462,2818.625016670871
757,-1833.098945738456,2818.477334215248
758,-1833.098945738456,2818.477334215248
759,-1833.098945738456,2818.477334215248
760,-1833.098945738456,2818.477334215248
761,-1833.098945738456,2818.477334215248
762,-1833.098945738456,2818.477334215248
763,-1832.819349396111,2812.476187768774
764,-1832.753070594598,2797.050771320713
765,-1833.116874815605,2789.192826582992
766,-1833.116874815605,2789.192826582992
767,-1833.116874815605,2789.192826582992
768,-1833.116874815605,2789.192826582992
769,-1833.116874815605,2789.192826582992
770,-1833.116874815605,2789.192826582992
771,-1833.116401552455,2789.202515970823
772,-1833.061996669858,2790.316378327135
773,-1833.007591787261,2791.430240683448
774,-1832.953186904664,2792.54410303976
775,-1832.898782022066,2793.657965396073
776,-1832.844377139469,2794.771827752386
777,-1832.789972256872,2795.885690108698
778,-1833.167846061068,2788.569053108215
779,-1834.775182345222,2773.228109373422
780,-1837.502802675649,2758.047312570843
781,-1840.223430454518,2747.220086734574
782,-1840.701914878983,2746.205337179775
783,-1841.180399303449,2745.190587624975
784,-1841.658883727914,2744.175838070176
785,-1842.13736815238,2743.161088515376
786,-1842.615852576846,2742.146338960577
787,-1843.094337001311,2741.131589405778
788,-1843.572821425776,2740.116839850978
789,-1844.051305850242,2739.102090296179
790,-1844.529790274707,2738.087340741379
791,-1844.940945984369,2737.129846580894
792,-1845.342983370346,2736.180106514921
793,-1845.745020756322,2735.230366448949
794,-1846.147058142299,2734.280626382976
795,-1846.549095528276,2733.330886317004
796,-1846.951132914252,2732.381146251031
797,-1849.720227508806,2726.422636977405
798,-1849.608293002185,2726.661185074045
799,-1849.173461280509,2727.587872319074
800,-1848.738629558834,2728.514559564104
801,-1848.303797837158,2729.441246809133
802,-1847.868966115482,2730.367934054162
803,-1847.434134393806,2731.294621299192
804,-1850.215143603314,2725.406131019488
805,-1857.719744047097,2711.932839991366
806,-1866.582244982893,2699.323061734688
807,-1876.36027408703,2687.390792161868
808,-1886.555857175499,2675.813563088606
809,-1897.190217212541,2664.637982770525
810,-1908.292597295946,2653.926667805267
811,-1919.95799684697,2643.83249188939
812,-1932.144805640301,2634.377263189905
813,-1944.846762148492,2625.627575043991
814,-1958.136702052074,2617.798046362491
815,-1971.960506299643,2610.956359250119
816,-1986.27993759619,2605.228858922367
817,-2000.955879380521,2600.488177204006
818,-2015.92130467927,2596.752325645842
819,-2031.122107122095,2594.129138251223
820,-2046.449048599492,2592.396364727412
821,-2061.848210355361,2591.501903833127
822,-2077.274427055417,2591.398703500478
823,-2092.696481109882,2591.137686510197
824,-2108.004568201414,2589.300809788039
825,-2122.822100470322,2585.081445231198
826,-2136.327915490439,2577.711332089378
827,-2148.170076642293,2567.830936671648
828,-2159.150763504158,2556.999359987714
829,-2169.149321515488,2545.256428639039
830,-2178.088029590266,2532.693205034945
831,-2185.723899355498,2519.296299752403
832,-2191.666575865322,2505.073661041975
833,-2195.275778328399,2490.098760420283
834,-2196.000521409744,2474.721891714475
835,-2193.181077569618,2459.59609267539
836,-2187.140971920201,2445.433543239172
837,-2178.549969819981,2432.636121787883
838,-2169.088957938935,2420.448672816509
839,-2159.62794605789,2408.261223845134
840,-2150.166934176843,2396.07377487376
841,-2140.705922295798,2383.886325902386
842,-2131.244910414752,2371.698876931011
843,-2121.783898533707,2359.511427959636
844,-2112.322886652661,2347.323978988262
845,-2102.861874771615,2335.136530016888
846,-2093.40086289057,2322.949081045514
847,-2082.816404884426,2311.781020408111
848,-2069.343566818326,2304.467803857891
849,-2054.100666358424,2302.759968744067
850,-2038.975146541534,2305.584863070615
851,-2024.580862008146,2311.09888982493
852,-2010.845524641089,2318.115336427612
853,-1997.56098115634,2325.957710794444
854,-1984.552609805336,2334.252414509828
855,-1971.722971699508,2342.822126876305
856,-1958.962931977502,2351.495388044661
857,-1946.222551982458,2360.197534396759
858,-1933.483451660691,2368.90155537761
859,-1920.744351338925,2377.605576358462
860,-1908.005251017157,2386.309597339313
861,-1895.266150695391,2395.013618320164
862,-1882.527050373624,2403.717639301016
863,-1869.602596965506,2412.141078150963
864,-1856.258121403667,2419.882275910803
865,-1842.537335177425,2426.935275386235
866,-1828.480801031305,2433.290039192975
867,-1814.219469906656,2439.171372097998
868,-1799.749680114158,2444.522021260832
869,-1785.12412808276,2449.432682828821
870,-1770.357736027965,2453.902866974345
871,-1755.492391954493,2458.031651930841
872,-1740.542270294911,2461.84240321719
873,-1725.516046905773,2465.341694642372
874,-1710.416014399093,2468.508102301147
875,-1695.258644849706,2471.388346971033
876,-1680.078530726841,2474.146751121974
877,-1664.898416603977,2476.905155272914
878,-1649.718302481111,2479.663559423854
879,-1634.538188358247,2482.421963574795
880,-1619.358074235381,2485.180367725736
881,-1604.177960112517,2487.938771876676
882,-1588.997845989652,2490.697176027616
883,-1573.817731866787,2493.455580178557
884,-1558.637617743922,2496.213984329497
885,-1543.457503621057,2498.972388480438
886,-1528.640217064926,2503.13605920289
887,-1515.366597475811,2510.890141441349
888,-1504.4970227966,2521.786690578047
889,-1496.005038528464,2534.631609376678
890,-1489.180758352665,2548.469017310439
891,-1482.356478176867,2562.306425244201
892,-1475.532198001068,2576.143833177962
893,-1471.553279294715,2584.006189557229
894,-1469.852517667756,2587.213689190117
895,-1469.852517667756,2587.213689190117
896,-1467.51284582797,2591.292409790396
897,-1466.542199674592,2592.984525066582
898,-1468.869408609633,2588.927530891974
